"";"text";"author";"poem"
"1";"
En costa lejana
y en mar de Pasión,
dijimos adioses
sin decir adiós.
Y no fue verdad
la alucinación.
Ni tú la creíste
ni la creo yo,
«y es cierto y no es cierto»
como en la canción.
Que yendo hacia el Sur
diciendo iba yo:
«Vamos hacia el mar
que devora al Sol».
Y yendo hacia el Norte
decía tu voz:
«Vamos a ver juntos
donde se hace el Sol».
Ni por juego digas
o exageración
que nos separaron
tierra y mar, que son
ella, sueño y el
alucinación.
No te digas solo
ni pida tu voz
albergue para uno
al albergador.
Echarás la sombra
que siempre se echó,
morderás la duna
con paso de dos...
Para que ninguno,
ni hombre ni dios,
nos llame partidos
como luna y sol;
para que ni roca
ni viento errador,
ni río con vado
ni árbol sombreador,
aprendan y digan
mentira o error
del Sur y del Norte,
del uno y del dos!";"gabriela_mistral";"adiós"
"2";"
Hay países que yo recuerdo 
como recuerdo mis infancias. 
Son países de mar o río, 
de pastales, de vegas y aguas. 
Aldea mía sobre el Ródano, 
rendida en río y en cigarras; 
Antilla en palmas verdi-negras 
que a medio mar está y me llama; 
¡roca lígure de Portofino, 
mar italiana, mar italiana! 
Me han traído a país sin río, 
tierras-Agar, tierras sin agua; 
Saras blancas y Saras rojas, 
donde pecaron otras razas, 
de pecado rojo de atridas 
que cuentan gredas tajeadas; 
que no nacieron como un niño 
con unas carnazones grasas, 
cuando las oigo, sin un silbo, 
cuando las cruzo, sin mirada. 
Quiero volver a tierras niñas; 
llévenme a un blando país de aguas. 
En grandes pastos envejezca 
y haga al río fábula y fábula. 
Tenga una fuente por mi madre 
y en la siesta salga a buscarla, 
y en jarras baje de una peña 
un agua dulce, aguda y áspera. 
Me venza y pare los alientos 
el agua acérrima y helada. 
¡Rompa mi vaso y al beberla 
me vuelva niñas las entrañas!";"gabriela_mistral";"agua"
"3";"
Anda libre en el surco, bate el ala en el viento, 
late vivo en el sol y se prende al pinar. 
No te vale olvidarlo como al mal pensamiento: 
¡le tendrás que escuchar! 
Habla lengua de bronce y habla lengua de ave, 
ruegos tímidos, imperativos de mar. 
No te vale ponerle gesto audaz, ceño grave: 
¡lo tendrás que hospedar! 
Gasta trazas de dueño; no le ablandan excusas. 
Rasga vasos de flor, hiende el hondo glaciar. 
No te vale decirle que albergarlo rehúsas: 
¡lo tendrás que hospedar! 
Tiene argucias sutiles en la réplica fina, 
argumentos de sabio, pero en voz de mujer.  
Ciencia humana te salva, menos ciencia divina: 
¡le tendrás que creer! 
Te echa venda de lino; tú la venda toleras. 
Te ofrece el brazo cálido, no le sabes huir. 
Echa a andar, tú le sigues hechizada aunque vieras 
¡que eso para en morir!";"gabriela_mistral";"amo_amor"
"4";"
Velloncito de mi carne, 
que en mis entrañas tejí, 
velloncito friolento, 
¡duérmete apegado a mí! 
La perdiz duerme en el trébol 
escuchándole latir: 
no te turben mis alientos, 
¡duérmete apegado a mí! 
Hierbecita temblorosa 
asombrada de vivir, 
no te sueltes de mi pecho: 
¡duérmete apegado a mí! 
Yo que todo lo he perdido 
ahora tiemblo hasta al dormir. 
No resbales de mi brazo: 
¡duérmete apegado a mí!";"gabriela_mistral";"apegado_a_mí"
"5";"
Siento mi corazón en la dulzura 
fundirse como ceras: 
son un óleo tardo 
y no un vino mis venas, 
y siento que mi vida se va huyendo 
callada y dulce como la gacela.";"gabriela_mistral";"atardecer"
"6";"
Se va de ti mi cuerpo gota a gota. 
Se va mi cara en un óleo sordo; 
se van mis manos en azogue suelto; 
se van mis pies en dos tiempos de polvo. 
¡Se te va todo, se nos va todo! 
Se va mi voz, que te hacía campana 
cerrada a cuanto no somos nosotros. 
Se van mis gestos que se devanaban, 
en lanzaderas, debajo tus ojos. 
Y se te va la mirada que entrega, 
cuando te mira, el enebro y el olmo. 
Me voy de ti con tus mismos alientos: 
como humedad de tu cuerpo evaporo. 
Me voy de ti con vigilia y con sueño, 
y en tu recuerdo más fiel ya me borro. 
Y en tu memoria me vuelvo como esos 
que no nacieron ni en llanos ni en sotos. 
Sangre sería y me fuese en las palmas 
de tu labor, y en tu boca de mosto. 
Tu entraña fuese, y sería quemada 
en marchas tuyas que nunca más oigo, 
¡y en tu pasión que retumba en la noche 
como demencia de mares solos! 
¡Se nos va todo, se nos va todo!";"gabriela_mistral";"ausencia"
"7";"
Él pasó con otra; 
yo le vi pasar. 
Siempre dulce el viento 
y el camino en paz. 
¡Y estos ojos míseros 
le vieron pasar! 
Él va amando a otra 
por la tierra en flor. 
Ha abierto el espino; 
pasa una canción. 
¡Y él va amando a otra 
por la tierra en flor! 
El besó a la otra 
a orillas del mar; 
resbaló en las olas 
la luna de azahar. 
¡Y no untó mi sangre 
la extensión del mar! 
El irá con otra 
por la eternidad. 
Habrá cielos dulces. 
(Dios quiera callar.) 
¡Y él irá con otra 
por la eternidad!";"gabriela_mistral";"balada"
"8";"
El nombre mío que he perdido, 
¿dónde vive, dónde prospera? 
Nombre de infancia, gota de leche, 
rama de mirto tan ligera. 
De no llevarme iba dichoso 
o de llevar mi adolescencia 
y con él ya no camino 
por campos y por praderas. 
Llanto mío no conoce 
y no la  quemó mi salmuera; 
cabellos blancos no me ha visto, 
ni mi boca con acidia, 
y no me habla si me encuentra. 
Pero me cuentan que camina 
por las quiebras de mi montaña 
tarde a la tarde silencioso 
y sin mi cuerpo y vuelto mi alma.";"gabriela_mistral";"balada_de_mi_nombre"
"9";"
Hay besos que pronuncian por sí solos
la sentencia de amor condenatoria,
hay besos que se dan con la mirada
hay besos que se dan con la memoria. 
Hay besos silenciosos, besos nobles
hay besos enigmáticos, sinceros
hay besos que se dan sólo las almas
hay besos por prohibidos, verdaderos. 
Hay besos que calcinan y que hieren,
hay besos que arrebatan los sentidos,
hay besos misteriosos que han dejado
mil sueños errantes y perdidos. 
Hay besos problemáticos que encierran
una clave que nadie ha descifrado,
hay besos que engendran la tragedia
cuantas rosas en broche han deshojado. 
Hay besos perfumados, besos tibios
que palpitan en íntimos anhelos,
hay besos que en los labios dejan huellas
como un campo de sol entre dos hielos. 
Hay besos que parecen azucenas
por sublimes, ingenuos y por puros,
hay besos traicioneros y cobardes,
hay besos maldecidos y perjuros. 
Judas besa a Jesús y deja impresa
en su rostro de Dios, la felonía,
mientras la Magdalena con sus besos
fortifica piadosa su agonía. 
Desde entonces en los besos palpita
el amor, la traición y los dolores,
en las bodas humanas se parecen
a la brisa que juega con las flores. 
Hay besos que producen desvaríos
de amorosa pasión ardiente y loca,
tú los conoces bien son besos míos
inventados por mí, para tu boca. 
Besos de llama que en rastro impreso
llevan los surcos de un amor vedado,
besos de tempestad, salvajes besos
que solo nuestros labios han probado. 
¿Te acuerdas del primero...? Indefinible;
cubrió tu faz de cárdenos sonrojos
y en los espasmos de emoción terrible,
llenáronse de lágrimas tus ojos. 
¿Te acuerdas que una tarde en loco exceso
te vi celoso imaginando agravios,
te suspendí en mis brazos... vibró un beso,
y qué viste después...? Sangre en mis labios. 
Yo te enseñé a besar: los besos fríos
son de impasible corazón de roca,
yo te enseñé a besar con besos míos
inventados por mí, para tu boca.";"gabriela_mistral";"besos"
"10";"
¡Ay! ¡Juguemos, hijo mío, 
a la reina con el rey! 
Este verde campo es tuyo. 
¿De quién más podría ser? 
Las oleadas de la alfalfa 
para ti se han de mecer. 
Este valle es todo tuyo. 
¿De quién más podría ser? 
Para que los disfrutemos 
los pomares se hacen miel. 
(¡Ay! ¡No es cierto que tiritas 
como el Niño de Belén 
y que el seno de tu madre 
se secó de padecer!) 
El cordero está espesando 
el vellón que he de tejer. 
Y son tuyas las majadas, 
¿De quién más podrían ser? 
Y la leche del establo 
que en la ubre ha de correr, 
y el manojo de las mieses 
¿de quién más podrían ser? 
(¡Ay! ¡No es cierto que tiritas 
como el Niño de Belén 
y que el seno de tu madre 
se secó de padecer!) 
¡Sí! ¡Juguemos, hijo mío, 
a la reina con el rey!";"gabriela_mistral";"canción_amarga"
"11";"
Niñita de pescadores 
que con viento y olas puedes, 
duerme pintada de conchas, 
garabateada de redes. 
Duerme encima de la duna 
que te alza y que te crece, 
oyendo la mar-nodriza 
que a más loca mejor mece. 
La red me llena la falda 
y no me deja tenerte, 
porque si rompo los nudos 
será que rompo tu suerte... 
Duérmete mejor que lo hacen 
las que en la cuna se mecen, 
la boca llena de sal 
y el sueño lleno de peces. 
Dos peces en las rodillas, 
uno plateado en la frente, 
y en el pecho, bate y bate, 
otro pez incandescente...";"gabriela_mistral";"canción_de_pescadoras"
"12";"
Caperucita Roja visitará a la abuela 
que en el poblado próximo sufre de extraño mal. 
Caperucita Roja, la de los rizos rubios, 
tiene el corazoncito tierno como un panal. 
A las primeras luces ya se ha puesto en camino 
y va cruzando el bosque con un pasito audaz. 
Sale al paso Maese Lobo, de ojos diabólicos. 
«Caperucita Roja, cuéntame adónde vas». 
Caperucita es cándida como los lirios blancos. 
«Abuelita ha enfermado. Le llevo aquí un pastel 
y un pucherito suave, que se derrama en juego. 
¿Sabes del pueblo próximo?  Vive en la entrada de él». 
Y ahora, por el bosque discurriendo encantada, 
recoge bayas rojas, corta ramas en flor, 
y se enamora de unas mariposas pintadas 
que la hacen olvidarse del viaje del Traidor... 
El Lobo fabuloso de blanqueados dientes, 
ha pasado ya el bosque, el molino, el alcor, 
y golpea en la plácida puerta de la abuelita, 
que le abre. (A la niña ha anunciado el Traidor.) 
Ha tres días la bestia no sabe de bocado. 
¡Pobre abuelita inválida, quién la va a defender! 
... Se la comió riendo toda y pausadamente 
y se puso en seguida sus ropas de mujer. 
Tocan dedos menudos a la entornada puerta. 
De la arrugada cama dice el Lobo: «¿Quién va?» 
La voz es ronca. «Pero la abuelita está enferma» 
la niña ingenua explica. «De parte de mamá». 
Caperucita ha entrado, olorosa de bayas. 
Le tiemblan en la mano gajos de salvia en flor. 
«Deja los pastelitos; ven a entibiarme el lecho». 
Caperucita cede al reclamo de amor. 
De entre la cofia salen las orejas monstruosas. 
«¿Por qué tan largas?», dice la niña con candor. 
Y el velludo engañoso, abrazado a la niña: 
«¿Para qué son tan largas?  Para oírte mejor». 
El cuerpecito tierno le dilata los ojos. 
El terror en la niña los dilata también. 
«Abuelita, decidme: ¿por qué esos grandes ojos?» 
«Corazoncito mío, para mirarte bien...» 
Y el viejo Lobo ríe, y entre la boca negra 
tienen los dientes blancos un terrible fulgor. 
«Abuelita, decidme: ¿por qué esos grandes dientes?» 
«Corazoncito, para devorarte mejor...» 
Ha arrollado la bestia, bajo sus pelos ásperos, 
el cuerpecito trémulo, suave como un vellón; 
y ha molido las carnes, y ha molido los huesos, 
y ha exprimido como una cereza el corazón...";"gabriela_mistral";"caperucita_roja"
"13";"
Madre, madre, tú me besas, 
pero yo te beso más, 
y el enjambre de mis besos 
no te deja ni mirar... 
Si la abeja se entra al lirio, 
no se siente su aletear. 
Cuando escondes a tu hijito 
ni se le oye respirar... 
Yo te miro, yo te miro 
sin cansarme de mirar, 
y qué lindo niño veo 
a tus ojos asomar... 
El estanque copia todo 
lo que tú mirando estás; 
pero tú en las niñas tienes 
a tu hijo y nada más. 
Los ojitos que me diste 
me los tengo de gastar 
en seguirte por los valles, 
por el cielo y por el mar...";"gabriela_mistral";"caricia"
"14";"
La rosa colorada 
cogida ayer; 
el fuego y la canela 
que llaman clavel; 
el pan horneado 
de anís con miel, 
y el pez de la redoma 
que la hace arder: 
todito tuyo 
hijito de mujer, 
con tal que quieras 
dormirte de una vez. 
La rosa, digo: 
digo el clavel. 
La fruta, digo, 
y digo que la miel; 
y el pez de luces 
y más y más también, 
¡con tal que duermas 
hasta el amanecer!";"gabriela_mistral";"con_tal_que_te_duermas"
"15";"
Todo adquiere en mi boca 
un sabor persistente de lágrimas; 
el manjar cotidiano, la trova 
y hasta la plegaria. 
Yo no tengo otro oficio 
después del callado de amarte, 
que este oficio de lágrimas, duro, 
que tú me dejaste. 
¡Ojos apretados 
de calientes lágrimas!, 
¡boca atribulada y convulsa, 
en que todo se me hace plegaria! 
¡Tengo una vergüenza 
de vivir de este modo cobarde! 
¡Ni voy en tu busca 
ni consigo tampoco olvidarte! 
Un remordimiento me sangra 
de mirar un cielo 
que no ven tus ojos, 
¡de palpar las rosas 
que sustenta la cal de tus huesos! 
¡Carne de miseria, 
gajo vergonzante, muerto de fatiga, 
que no baja a dormir a tu lado, 
que se aprieta, trélmulo, 
al impuro pezón de la Vida!";"gabriela_mistral";"coplas"
"16";"
Corderito mío, 
suavidad callada: 
mi pecho es tu gruta 
de musgo afelpada. 
Carnecita blanca, 
tajada de luna: 
lo he olvidado todo 
por hacerme cuna. 
Me olvidé del mundo 
y de mí no siento 
más que el pecho vivo 
con que te sustento. 
Y sé de mí sólo 
que en mí te recuestas. 
Tu fiesta, hijo mío, 
apagó las fiestas.";"gabriela_mistral";"corderito"
"17";"
1
Amo las cosas que nunca tuve 
con las otras que ya no tengo. 
Yo toco un agua silenciosa, 
parada en pastos friolentos, 
que sin un viento tiritaba 
en el huerto que era mi huerto. 
La miro como la miraba; 
me da un extraño pensamieto, 
y juego, lenta, con esa agua 
como con pez o con misterio.
2
Pienso en umbral donde dejé 
pasos alegres que ya no llevo, 
y en el umbral veo una llaga 
llena de musgo y de silencio.
3
Me busco un verso que he perdido, 
que a los siete años me dijeron. 
Fue una mujer haciendo el pan 
y yo su santa boca veo.
4
Viene un aroma roto en ráfagas; 
soy muy dichosa si lo siento; 
de tan delgado no es aroma, 
siendo el olor de los almendros. 
Me vuelve niños los sentidos; 
le busco un nombre y no lo acierto, 
y huelo el aire y los lugares 
buscando almendros que no encuentro...
5
Un río suena siempre cerca. 
Ha cuarenta años que lo siento. 
Es canturía de mi sangre 
o bien un ritmo que me dieron. 
O el río Elqui de mi infancia 
que me repecho y me vadeo. 
Nunca lo pierdo; pecho a pecho, 
como dos niños, nos tenemos.
6
Cuando sueño la Cordillera, 
camino por desfiladeros, 
y voy oyéndoles, sin tregua, 
un silbo casi juramento.
7
Veo al remate del Pacífico 
amoratado mi archipiélago 
y de una isla me ha quedado 
un olor acre de alción muerto...
8
Un dorso, un dorso grave y dulce, 
remata el sueño que yo sueño. 
Es el final de mi camino 
y me descanso cuando llego. 
Es tronco muerto o es mi padre 
el vago dorso ceniciento. 
Yo no pregunto, no lo turbo. 
Me tiendo junto, callo y duermo.
9
Amo una piedra de Oaxaca 
o Guatemala, a que me acerco, 
roja y fija como mi cara 
y cuya grieta da un aliento. 
Al dormirme queda desnuda; 
no sé por qué yo la volteo. 
Y tal vez nunca la he tenido 
y es mi sepulcro lo que veo...";"gabriela_mistral";"cosas"
"18";"
Creo en mi corazón, ramo de aromas
que mi Señor como una fronda agita,
perfumando de amor toda la vida
y haciéndola bendita.
Creo en mi corazón, el que no pide
nada porque es capaz del sumo ensueño
y abraza en el ensueño lo creado:
¡inmenso dueño!
Creo en mi corazón, que cuando canta
hunde en el Dios profundo el franco herido,
para subir de la piscina viva
recién nacido
Creo en mi corazón, el que tremola
porque lo hizo el que turbó los mares,
y en el que da la Vida orquestaciones
como de pleamares.
Creo en mi corazón, el que yo exprimo
para teñir el lienzo de la vida
de rojez o palor y que le ha hecho
veste encendida.
Creo en mi corazón, el que en la siembra
por el surco sin fin fue acrecentando.
Creo en mi corazón, siempre vertido,
pero nunca vaciado.
Creo en mi corazón, en que el gusano
no ha de morder, pues mellará a la muerte;
creo en mi corazón, el reclinado
en el pecho de Dios terrible y fuerte.";"gabriela_mistral";"creo_en_mi_corazón"
"19";"
Dame la mano y danzaremos; 
dame la mano y me amarás. 
Como una sola flor seremos, 
como una flor, y nada más... 
El mismo verso cantaremos, 
al mismo paso bailarás. 
Como una espiga ondularemos, 
como una espiga, y nada más. 
Te llamas Rosa y yo Esperanza; 
pero tu nombre olvidarás, 
porque seremos una danza 
en la colina y nada más...";"gabriela_mistral";"dame_la_mano"
"20";"
I. Amarás la belleza, que es la sombra de Dios sobre el Universo.
II. No hay arte ateo. Aunque no ames al Creador, lo afirmarás creando a su semejanza.
III. No darás la belleza como cebo para los sentidos, sino como el natural alimento del alma.
IV. No te será pretexto para la lujuria ni para la vanidad, sino ejercicio divino.
V. No la buscarás en las ferias ni llevarás tu obra a ellas, porque la Belleza es virgen, y la que está en las ferias no es Ella.
VI. Subirá de tu corazón a tu canto y te habrá purificado a ti el primero.
VII. Tu belleza se llamará también misericordia, y consolará el corazón de los hombres.
VIII. Darás tu obra como se da un hijo: restando sangre de tu corazón.
IX. No te será la belleza opio adormecedor, sino vino generoso que te encienda para la acción, pues si dejas de ser hombre o mujer, dejarás de ser artista.
X. De toda creación saldrás con vergüenza, porque fue inferior a tu sueño, e inferior a ese sueño maravilloso de Dios, que es la Naturaleza.";"gabriela_mistral";"decálogo_del_artista"
"21";"
Del nicho helado en que los hombres te pusieron,
te bajaré a la tierra humilde y soleada.
Que he de dormirme en ella los hombres no supieron,
y que hemos de soñar sobre la misma almohada.
Te acostaré en la tierra soleada con una
dulcedumbre de madre para el hijo dormido,
y la tierra ha de hacerse suavidades de cuna
al recibir tu cuerpo de niño dolorido.
Luego iré espolvoreando tierra y polvo de rosas,
y en la azulada y leve polvareda de luna,
los despojos livianos irán quedando presos.
Me alejaré cantando mis venganzas hermosas,
¡porque a ese hondor recóndito la mano de ninguna
bajará a disputarme tu puñado de huesos!";"gabriela_mistral";"del_nicho_helado_en_que_los_hombres_te_pusieron"
"22";"
La bruma espesa, eterna, para que olvide dónde 
me ha arrojado la mar en su ola de salmuera. 
La tierra a la que vine no tiene primavera: 
tiene su noche larga que cual madre me esconde. 
El viento hace a mi casa su ronda de sollozos 
y de alarido, y quiebra, como un cristal, mi grito. 
Y en la llanura blanca, de horizonte infinito, 
miro morir intensos ocasos dolorosos. 
¿A quién podrá llamar la que hasta aquí ha venido 
si más lejos que ella sólo fueron los muertos? 
¡Tan sólo ellos contemplan un mar callado y yerto 
crecer entre sus brazos y los brazos queridos! 
Los barcos cuyas velas blanquean en el puerto 
vienen de tierras donde no están los que no son míos; 
sus hombres de ojos claros no conocen mis ríos 
y traen frutos pálidos, sin la luz de mis huertos. 
Y la interrogación que sube a mi garganta 
al mirarlos pasar, me desciende, vencida: 
hablan extrañas lenguas y no la conmovida 
lengua que en tierras de oro mi pobre madre canta. 
Miro bajar la nieve como el polvo en la huesa; 
miro crecer la niebla como el agonizante, 
y por no enloquecer no encuentro los instantes, 
porque la noche larga ahora tan solo empieza. 
Miro el llano extasiado y recojo su duelo, 
que viene para ver los paisajes mortales. 
La nieve es el semblante que asoma a mis cristales: 
¡siempre será su albura bajando de los cielos! 
Siempre ella, silenciosa, como la gran mirada 
de Dios sobre mí; siempre su azahar sobre mi casa; 
siempre, como el destino que ni mengua ni pasa, 
descenderá a cubrirme, terrible y extasiada.";"gabriela_mistral";"desolación"
"23";"
Dormimos, soñé la Tierra 
del Sur, soñé el Valle entero, 
el pastal, la viña crespa, 
y la gloria de los huertos. 
¿Qué soñaste tú mi Niño 
con cara tan placentera? 
Vamos a buscar chañares 
hasta que los encontremos, 
y los guillaves prendidos 
a unos quioscos del infierno. 
El que más coge convida 
a otros dos que no cogieron. 
Yo no me espino las manos 
de niebla que me nacieron. 
Hambre no tengo, ni sed y 
sin virtud doy o cedo. 
¿A qué agradecerme así 
fruto que tomo y entrego?";"gabriela_mistral";"despertar"
"24";"
Como soy reina y fui mendiga, ahora 
vivo en puro temblor de que me dejes, 
y te pregunto, pálida, a cada hora: 
«¿Estás conmigo aún? ¡Ay, no te alejes!» 
Quisiera hacer las marchas sonriendo 
y confiando ahora que has venido; 
pero hasta en el dormir estoy temiendo 
y pregunto entre sueños: «¿No te has ido?».";"gabriela_mistral";"desvelada"
"25";"
A la cara de mi hijo 
que duerme, bajan 
arenas de las dunas, 
flor de la caña 
y la espuma que vuela 
de la cascada... 
Y es sueño nada más 
cuanto le baja; 
sueño cae a su boca, 
sueño a su espalda, 
y me roban su cuerpo 
junto con su alma. 
Y así lo van cubriendo 
con tanta maña, 
que en la noche no tengo 
hijo ni nada, 
madre ciega de sombra, 
madre robada. 
Hasta que el sol bendito 
al fin lo baña: 
me lo devuelve en linda 
fruta mondada 
¡y me lo pone entero 
sobre la falda!";"gabriela_mistral";"devuelto"
"26";"
I
La tierra se hace madrastra
si tu alma vende a mi alma.
Llevan un escalofrío
de tribulación las aguas.
El mundo fue más hermoso
desde que me hiciste aliada,
cuando junto de un espino
nos quedamos sin palabras
¡y el amor como el espino
nos traspasó de fragancia!
Pero te va a brotar víboras
la tierra si vendes mi alma;
baldías del hijo, rompo
mis rodillas desoladas.
Se apaga Cristo en mi pecho
¡y la puerta de mi casa
quiebra la mano al mendigo
y avienta a la atribulada!
II
Beso que tu boca entregue
a mis oídos alcanza,
porque las grutas profundas
me devuelven tus palabras.
El polvo de los senderos
guarda el olor de tus plantas
y oteándolas como un ciervo,
te sigo por las montañas...
A la que tú ames, las nubes
la pintan sobre mi casa.
Ve cual ladrón a besarla
de la tierra en las entrañas;
que, cuando el rostro le alces,
hallas mi cara con lágrimas.
III
Dios no quiere que tu tengas
sol si conmigo no marchas;
Dios no quiere que tu bebas
si yo no tiemblo en tu agua;
no consiente que te duermas
sino en mi trenza ahuecada.
IV
Si te vas, hasta en los musgos
del camino rompes mi alma;
te muerden la sed y el hambre
en todo monte o llamada
y en cualquier país las tardes
con sangre serán mis llagas.
Y destilo de tu lengua
aunque a otra mujer llamaras,
y me clavo como un dejo
de salmuera en tu garganta;
y odies, o cantes, o ansíes,
¡por mí solamente clamas!
V
Si te vas y mueres lejos,
tendrás la mano ahuecada
diez años bajo la tierra
para recibir mis lágrimas,
sintiendo cómo te tiemblan
las carnes atribuladas,
¡hasta que te espolvoreen
mis huesos sobre la cara!";"gabriela_mistral";"dios_lo_quiere"
"27";"
Doña Primavera 
viste que es primor, 
viste en limonero 
y en naranjo en flor. 
Lleva por sandalias 
unas anchas hojas, 
y por caravanas 
unas fucsias rojas. 
Salid a encontrarla 
por esos caminos. 
¡Va loca de soles 
y loca de trinos! 
Doña Primavera 
de aliento fecundo, 
se ríe de todas 
las penas del mundo... 
No cree al que le hable 
de las vidas ruines. 
¿Cómo va a toparlas 
entre los jazmines? 
¿Cómo va a encontralas 
junto de las fuentes 
de espejos dorados 
y cantos ardientes? 
De la tierra enferma 
en las pardas grietas, 
enciende rosales 
de rojas piruetas. 
Pone sus encajes, 
prende sus verduras, 
en la piedra triste 
de las sepulturas... 
Doña Primavera 
de manos gloriosas, 
haz que por la vida 
derramemos rosas: 
Rosas de alegría, 
rosas de perdón, 
rosas de cariño, 
y de exultación.";"gabriela_mistral";"doña_primavera"
"28";"
No tengo sólo un Ángel 
con ala estremecida: 
me mecen como al mar 
mecen las dos orillas 
el Ángel que da el gozo 
y el que da la agonía, 
el de alas tremolantes 
y el de las alas fijas. 
Yo sé, cuando amanece, 
cuál va a regirme el día, 
si el de color de llama 
o el color de ceniza, 
y me les doy como alga 
a la ola, contrita. 
Sólo una vez volaron 
con las alas unidas: 
el día del amor, 
el de la Epifanía. 
¡Se juntaron en una 
sus alas enemigas 
y anudaron el nudo 
de la muerte y la vida!";"gabriela_mistral";"dos_ángeles"
"29";"
Madrecita mía, 
madrecita tierna, 
déjame decirte 
dulzuras extremas. 
Es tuyo mi cuerpo 
que juntaste en ramo; 
deja revolverlo 
sobre tu regazo. 
Juega tú a ser hoja 
y yo a ser rocío: 
y en tus brazos locos 
tenme suspendido. 
Madrecita mía, 
todito mi mundo, 
déjame decirte 
los cariños sumos.";"gabriela_mistral";"dulzura"
"30";"
Si yo te odiara, mi odio te daría 
en las palabras, rotundo y seguro; 
pero te amo y mi amor no se confía 
a este hablar de los hombres, tan oscuro. 
Tú lo quisieras vuelto en alarido, 
y viene de tan hondo que ha deshecho 
su quemante raudal, desfallecido, 
antes de la garganta, antes del pecho. 
Estoy lo mismo que estanque colmado 
y te parezco un surtidor inerte. 
¡Todo por mi callar atribulado 
que es más atroz que el entrar en la muerte!";"gabriela_mistral";"el_amor_que_calla"
"31";"
Es verdad, no es un cuento; 
hay un Ángel Guardián 
que te toma y te lleva como el viento 
y con los niños va por donde van. 
Tiene cabellos suaves 
que van en la venteada, 
ojos dulces y graves 
que te sosiegan con una mirada 
y matan miedos dando claridad. 
(No es un cuento, es verdad.) 
Él tiene cuerpo, manos y pies de alas 
y las seis alas vuelan o resbalan, 
las seis te llevan de su aire batido 
y lo mismo te llevan de dormido. 
Hace más dulce la pulpa madura 
que entre tus labios golosos estrujas; 
rompe a la nuez su taimada envoltura 
y es quien te libra de gnomos y brujas. 
Es quien te ayuda a que cortes las rosas, 
que están sentadas en trampas de espinas, 
el que te pasa las aguas mañosas 
y el que te sube las cuestas más pinas. 
Y aunque camine contigo apareado, 
como la guinda y la guinda bermeja, 
cuando su seña te pone el pecado 
recoge tu alma y el cuerpo te deja. 
Es verdad, no es un cuento: 
hay un Ángel Guardián 
que te toma y te lleva como el viento 
y con los niños va por donde van.";"gabriela_mistral";"el_ángel_guardián"
"32";"
Corro de las niñas 
corro de mil niñas 
a mi alrededor: 
¡oh Dios, yo soy dueña 
de este resplandor! 
En la tierra yerma, 
sobre aquel desierto 
mordido de sol, 
¡mi corro de niñas 
como inmensa flor! 
En el llano verde, 
al pie de los montes, 
que hería la voz, 
¡el corro era un solo 
divino temblor! 
En la estepa inmensa, 
en la estepa yerta 
de desolación, 
¡mi corro de niñas 
ardiendo de amor! 
En vano quisieron 
quebrarme la estrofa 
con tribulación: 
¡el corro la canta 
debajo de Dios!";"gabriela_mistral";"el_corro_luminoso"
"33";"
Le he encontrado en el sendero. 
No turbó su ensueño el agua 
ni se abrieron más las rosas; 
abrió el asombro mi alma. 
¡Y una pobre mujer tiene 
su cara llena de lágrimas! 
Llevaba un canto ligero 
en la boca descuidada, 
y al mirarme se le ha vuelto 
grave el canto que entonaba. 
Miré la senda, la hallé 
extraña y como soñada. 
¡Y en el alba de diamante 
tuve mi cara con lágrimas! 
Siguió su marcha cantando 
y se llevó mis miradas... 
Detrás de él no fueron más 
azules y altas las salvias. 
¡No importa! Quedó en el aire 
estremecida mi alma. 
¡Y aunque ninguno me ha herido 
tengo la cara con lágrimas! 
Esta noche no ha velado 
como yo junto a la lámpara; 
como él ignora, no punza 
su pecho de nardo mi ansia; 
pero tal vez por su sueño 
pase un olor de retamas, 
¡porque una pobre mujer 
tiene su cara con lágrimas! 
Iba sola y no temía; 
con hambre y sed no lloraba; 
desde que lo vi cruzar, 
mi Dios me vistió de llagas. 
Mi madre en su lecho reza 
por mí su oración confiada. 
Pero ¡yo tal vez por siempre 
tendré mi cara con lágrimas!";"gabriela_mistral";"el_encuentro"
"34";"
El espino prende a una roca 
su enloquecida contorsión, 
y es el espíritu del yermo, 
retorcido de angustia y sol. 
La encina es bella como Júpiter, 
y es un Narciso el mirto en flor. 
A él lo hicieron como a Vulcano, 
el horrible dios forjador. 
A él lo hicieron sin el encaje 
del claro álamo temblador, 
porque el alma del caminante 
ni le conozca la aflicción. 
De las greñas le nacen flores. 
(Así el verso le nació a Job.) 
Y como el salmo del leproso, 
es de agudo su intenso dolor. 
Pero aunque llene el aire ardiente 
de las siestas su exhalación, 
no ha sentido en su greña oscura 
temblarle un nido turbador... 
Me ha contado que me conoce, 
que en una noche de dolor 
en su espeso millón de espinas 
magullaron mi corazón. 
Le he abrazado como a una hermana, 
cual si Agar abrazara a Job, 
en un nudo que no es ternura, 
porque es más ¡desesperación!";"gabriela_mistral";"el_espino"
"35";"
Al llegar la medianoche 
y al romper en llanto el Niño, 
las cien bestias despertaron 
y el establo se hizo vivo. 
Y se fueron acercando, 
y alargaron hasta el Niño 
los cien cuellos anhelantes 
como un bosque sacudido. 
Bajó un buey su aliento al rostro 
y se lo exhaló sin ruido, 
y sus ojos fueron tiernos 
como llenos de rocío. 
Una oveja lo frotaba, 
contra su vellón suavísimo, 
y las manos le lamían, 
en cuclillas, dos cabritos... 
Las paredes del establo 
se cubrieron sin sentirlo 
de faisanes, y de ocas, 
y de gallos, y de mirlos. 
Los faisanes descendieron 
y pasaban sobre el Niño 
la gran cola de colores; 
y las ocas de anchos picos, 
arreglábanle las pajas; 
y  el enjambre de los mirlos 
era un velo palpitante 
sobre del recién nacido... 
Y la Virgen, entre cuernos 
y resuellos blanquecinos, 
trastocada iba y venía 
sin poder coger al Niño. 
Y José llegaba riendo 
a acudir a la sin tino. 
Y era como bosque al viento 
el establo conmovido...";"gabriela_mistral";"el_establo"
"36";"
Como escuchase un llanto, me paré en el repecho 
y me acerqué a la puerta del rancho del camino. 
Un niño de ojos dulces me miró desde el lecho. 
¡Y una ternura inmensa me embriagó como un vino! 
La madre se tardó, curvada en el barbecho; 
el niño, al despertar, buscó el pezón de la rosa 
y rompió en llanto... Yo lo estreché contra el pecho, 
y una canción de cuna me subió, temblorosa... 
Por la ventana abierta la luna nos miraba. 
El niño ya dormía, y la canción bañaba, 
como otro resplandor, mi pecho enriquecido... 
Y cuando la mujer, trémula, abrió la puerta, 
me vería en el rostro tanta ventura cierta 
¡que me dejó el infante en los brazos dormido!";"gabriela_mistral";"el_niño_solo"
"37";"
El papagayo verde y amarillo, 
el papagayo verde y azafrán, 
me dijo «fea» con su habla gangosa 
y con su pico que es de Satanás. 
Yo no soy fea, que si fuese fea, 
fea es mi madre parecida al sol, 
fea la luz en que mira mi madre 
y feo el viento en que pone su voz, 
y fea el agua en que cae su cuerpo 
y feo el mundo y Él que lo crió... 
El papagayo verde y amarillo, 
el papagayo verde y tornasol, 
me dijo «fea» porque no ha comido 
y el pan con vino se lo llevo yo, 
que ya me voy cansando de mirarlo 
siempre colgado y siempre tornasol...";"gabriela_mistral";"el_papagayo"
"38";"
Que sopló el viento y se llevó las nubes 
y que en las nubes iba un pavo real, 
que el pavo real era para mi mano 
y que la mano se me va a secar, 
y que la mano le di esta mañana 
al rey que vino para desposar. 
¡Ay que el cielo, ay que el viento, y la nube 
que se van con el pavo real!";"gabriela_mistral";"el_pavo_real"
"39";"
Este largo cansancio se hará mayor un día
y el alma dirá al cuerpo que no quiere seguir
arrastrando su masa por la rosada vía
por donde van los hombres, contentos de vivir...
Sentirás que a tu lado cavan briosamente,
que otra dormida llega a la quieta ciudad.
Esperaré que me hayan cubierto totalmente...
¡y después hablaremos por una eternidad!
Sólo entonces sabrás el por qué, no madura
para las hondas huesas tu carne todavía,
tuviste que bajar, sin fatiga, a dormir.
Se hará luz en la zona de los sinos, oscura:
sabrás que en nuestra alianza signo de astros había
y, roto el pacto enorme, tenías que morir...";"gabriela_mistral";"este_largo_cansancio"
"40";"
Me encontré a este niño 
cuando al campo iba: 
dormido lo he hallado 
en unas espigas... 
O tal vez ha sido 
cruzando la viña: 
al buscar un pámpano 
topé su mejilla... 
Y por eso temo, 
al quedar dormida, 
se evapore como 
la helada en las viñas...";"gabriela_mistral";"hallazgo"
"41";"
Árbol hermano, que clavado 
por garfios pardos en el suelo, 
la clara frente has elevado 
en una intensa sed de cielo; 
hazme piadoso hacia la escoria 
de cuyos limos me mantengo, 
sin que se duerma la memoria 
del país azul de donde vengo. 
Árbol que anuncias al viandante 
la suavidad de tu presencia 
con tu amplia sombra refrescante 
y con el nimbo de tu esencia: 
haz que revele mi presencia, 
en las praderas de la vida, 
mi suave y cálida influencia 
de criatura bendecida. 
Árbol diez veces productor: 
el de la poma sonrosada, 
el del madero constructor, 
el de la brisa perfumada, 
el del follaje amparador; 
el de las gomas suavizantes 
y las resinas milagrosas, 
pleno de brazos agobiantes 
y de gargantas melodiosas: 
hazme en el dar un opulento 
¡para igualarte en lo fecundo, 
el corazón y el pensamiento 
se me hagan vastos como el mundo! 
Y todas las actividades 
no lleguen nunca a fatigarme: 
¡las magnas prodigalidades 
salgan de mí sin agotarme! 
Árbol donde es tan sosegada 
la pulsación del existir, 
y ves mis fuerzas la agitada 
fiebre del mundo consumir: 
hazme sereno, hazme sereno, 
de la viril serenidad 
que dio a los mármoles helenos 
su soplo de divinidad. 
Árbol que no eres otra cosa 
que dulce entraña de mujer, 
pues cada rama mece airosa 
en cada leve nido un ser: 
dame un follaje vasto y denso, 
tanto como han de precisar 
los que en el bosque humano, inmenso, 
rama no hallaron para hogar. 
Árbol que donde quiera aliente 
tu cuerpo lleno de vigor, 
levantarás eternamente 
el mismo gesto amparador: 
haz que a través de todo estado 
?niñez, vejez, placer, dolor? 
levante mi alma un invariado 
y universal gesto de amor!";"gabriela_mistral";"himno_al_árbol"
"42";"
Amado Nervo, suave perfil, labio sonriente; 
Amado Nervo, estrofa y corazón en paz: 
mientras te escribo, tienes losa sobre la frente, 
baja en la nieve tu mortaja inmensamente 
y la tremenda albura cayó sobre tu faz. 
Me escribías: «Soy triste como los solitarios, 
pero he vestido de sosiego mi temblor, 
mi atroz angustia de la mortaja y el osario 
y el ansia viva de Jesucristo, mi Señor». 
¡Pensar que no hay colmena que entregue tu dulzura; 
que entre las lenguas de odio eras lengua de paz; 
que se va el canto mecedor de la amargura, 
que habrá tribulación y no responderás! 
De donde tú cantabas se me levantó el día. 
Cien noches con tu verso yo me he dormido en paz. 
Aun era heroica y fuerte, porque aún te tenía; 
sobre la confusión tu resplandor caía. 
¡Y ahora tú callas, y tienes polvo, y no eres más! 
No te vi nunca. No te veré. Mi Dios lo ha hecho. 
¿Quién te juntó las manos? ¿Quién dio, rota la voz, 
la oración de los muertos al borde de tu lecho? 
¿Quién te alcanzó en los ojos el estupor de Dios? 
Aún me quedan jornadas bajo los soles. ¿Cuándo 
verte, dónde encontrarte y darte mi aflicción, 
sobre la Cruz del Sur que me mira temblando, 
o más allá, donde los vientos van callando, 
y, por impuro, no alcanzará mi corazón? 
Acuérdate de mí ?lodo y ceniza triste? 
cuando estés en tu reino de extasiado zafir. 
A la sombra de Dios, grita lo que supiste: 
que somos huérfanos, que vamos solos, que tú nos viste. 
¡que toda carne con angustia pide morir!";"gabriela_mistral";"in_memoriam"
"43";"
¿Cómo quedan, Señor, durmiendo los suicidas? 
¿Un cuajo entre la boca, las dos sienes vaciadas, 
las lunas de los ojos albas y engrandecidas, 
hacia un ancla invisible las manos orientadas? 
¿O Tú llegas después que los hombres se han ido, 
y les bajas el párpado sobre el ojo cegado, 
acomodas las vísceras sin dolor y sin ruido 
y entrecruzas las manos sobre el pecho callado? 
El rosal que los vivos riegan sobre su huesa 
¿no le pinta a sus rosas unas formas de heridas? 
¿No tiene acre el olor, sombría la belleza 
y las frondas menguadas de serpientes tejidas? 
Y responde, Señor: Cuando se fuga el alma 
por la mojada puerta de las largas heridas, 
¿entra en la zona tuya hendiendo el aire en calma 
o se oye un crepitar de alas enloquecidas? 
¿Angosto cerco lívido se aprieta en torno suyo? 
¿El éter es un campo de monstruos florecido? 
¿En el pavor no aciertan ni con el nombre tuyo? 
¿O van gritando sobre tu corazón dormido? 
¿No hay un rayo de sol que los alcance un día? 
¿No hay agua que los lave de sus estigmas rojos? 
¿Para ellos solamente queda tu entraña fría, 
sordo tu oído fino y apretados tus ojos? 
Tal el hombre asegura, por error o malicia; 
mas yo, que te he gustado, como un vino, Señor, 
mientras los otros siguen llamándote Justicia, 
¡no te llamaré nunca otra cosa que Amor! 
Yo sé que como el hombre fue siempre zarpa dura; 
la catarata, vértigo; aspereza, la sierra. 
¡Tú eres el vaso donde se esponjan de dulzura 
los nectarios de todos los huertos de la Tierra!";"gabriela_mistral";"interrogaciones"
"44";"
Tú no oprimas mis manos. 
Llegará el duradero 
tiempo de reposar con mucho polvo 
y sombra en los entretejidos dedos. 
Y dirías: «No puedo 
amarla, porque ya se desgranaron 
como mieses sus dedos». 
Tú no beses mi boca. 
Vendrá el instante lleno 
de luz menguada, en que estaré sin labios 
sobre un mojado suelo. 
Y dirías: «La amé, pero no puedo 
amarla más, ahora que no aspira 
el olor de retamas de mi beso». 
Y me angustiara oyéndote, 
y hablaras loco y ciego, 
que mi mano será sobre tu frente 
cuando rompan mis dedos, 
y bajará sobre tu cara llena 
de ansia mi aliento. 
No me toques, por tanto. Mentiría 
al decir que te entrego 
mi amor en estos brazos extendidos, 
en mi boca, en mi cuello, 
y tú, al creer que lo bebiste todo, 
te engañarías como un niño ciego. 
Porque mi amor no es sólo esta gavilla 
reacia y fatigada de mi cuerpo, 
que tiembla entera al roce del cilicio 
y que se me rezaga en todo vuelo. 
Es lo que está en el beso, y no es el labio; 
lo que rompe la voz, y no es el pecho: 
¡es un viento de Dios, que pasa hendiéndome 
el gajo de las carnes, volandero!";"gabriela_mistral";"íntima"
"45";"
I 
Cajita mía 
de Olinalá, 
palo-rosa, 
jacarandá. 
Cuando la abro 
de golpe da 
su olor de reina 
de Sabá. 
¡Ay, bocanada 
tropical: 
clavo, caoba 
y el copal! 
La pongo aquí, 
la dejo allá; 
por corredores 
viene y va. 
Hierve de grecas 
como un país: 
nopal, venado, 
codorniz, 
los volcanes 
de gran cerviz 
y el indio aéreo 
como el maíz. 
Así la pintan, 
así, así, 
dedos de indio 
o colibrí; 
y así la hace 
de cabal 
mano azteca, 
mano quetzal. 
II 
Cuando la noche 
va a llegar, 
porque me guarde 
de su mal, 
me la pongo 
de cabezal 
donde otros ponen 
su metal. 
Lindos sueños 
que hace soñar; 
hace reír, 
hace llorar: 
Mano a mano 
se pasa el mar, 
sierras mellizas 
campos de arar. 
Se ve al Anáhuac 
rebrillar, 
la bestia-Ajusco 
que va a saltar, 
y por el rumbo 
que lleva al mar, 
a Quetzalcoalt 
se va a alcanzar. 
Ella es mi hálito, 
yo, su andar; 
ella, saber; 
yo, desvariar. 
Y paramos 
como el maná 
donde el camino 
se sobra ya, 
donde nos grita 
un ¡halalá! 
el mujerío 
de Olinalá.";"gabriela_mistral";"la_cajita_de_olinalá"
"46";"
La mesa, hijo, está tendida 
en blancura quieta de nata, 
y en cuatro muros azulea, 
dando relumbres, la cerámica. 
Ésta es la sal, éste el aceite 
y al centro el Pan que casi habla. 
Oro más lindo que oro del Pan 
no está ni en fruta ni en retama, 
y da su olor de espiga y horno 
una dicha que nunca sacia. 
Lo partimos, hijito, juntos, 
con dedos duros y palma blanda, 
y tú lo miras asombrado 
de tierra negra que da flor blanca. 
Baja la mano de comer, 
que tu madre también la baja. 
Los trigos, hijo, son del aire, 
y son del sol y de la azada; 
pero este Pan «cara de Dios»(*) 
no llega a mesas de las casas. 
Y si otros niños no lo tienen, 
mejor, mi hijo, no lo tocaras, 
y no tomarlo mejor sería 
con mano y mano avergonzadas. 
Hijo, el Hambre, cara de mueca, 
en remolino gira las parvas, 
y se buscan y no se encuentran 
el Pan y el hambre corcovada. 
Para que lo halle, si ahora entra, 
el Pan dejemos hasta mañana; 
el fuego ardiendo marque la puerta, 
que el indio quechua nunca cerraba, 
¡y miremos comer al Hambre, 
para dormir con cuerpo y alma!";"gabriela_mistral";"la_casa"
"47";"
Niño pequeño, aparecido, 
que no viniste y que llegaste, 
te contaré lo que tenemos 
y tomarás de nuestra parte.";"gabriela_mistral";"la_cuentamundo"
"48";"
Yo la encontré por mi destino,
de pie a mitad de la pradera, 
gobernadora del que pase, 
del que le hable y que la vea.
Y ella me dijo: ""Sube al monte. 
Yo nunca dejo la pradera, 
y me cortas las flores blancas
como nieves, duras y tiernas.""
Me subí a la ácida montaña,
busqué las flores donde albean,
entre las rocas existiendo 
medio dormidas y despiertas.
Cuando bajé, con carga mía, 
la hallé a mitad de la pradera, 
y fui cubriéndola frenética, 
con un torrente de azucenas.
Y sin mirarse la blancura, 
ella me dijo: ""Tú acarrea 
ahora sólo flores rojas. 
Yo no puedo pasar la pradera.""
Trepe las penas con el venado,
y busqué flores de demencia, 
las que rojean y parecen 
que de rojez vivan y mueran.";"gabriela_mistral";"la_flor_del_aire"
"49";"
Madre mía, en el sueño 
ando por paisajes cardenosos: 
un monte negro que se contornea 
siempre, para alcanzar el otro monte; 
y en el que sigue estás tú vagamente, 
pero siempre hay otro monte redondo 
que circundar, para pagar el paso 
al monte de tu gozo y de mi gozo. 
Mas, a trechos tú misma vas haciendo 
el camino de burlas y de expolio. 
Vamos las dos sintiéndonos, sabiéndonos, 
mas no podemos vernos en los ojos, y no 
podemos trocarnos palabra, 
cual la Eurídice y el Orfeo solos, 
las dos cumpliendo un voto o un castigo, 
ambas con pies y con acentos rotos. 
Pero a veces no vas al lado mío: 
te llevo en mí, en un peso angustioso 
y amoroso a la vez, como pobre hijo 
galeoto a su padre galeoto, 
y hay que enhebrar los cerros repetidos, 
sin decir el secreto doloroso: 
que yo te llevo hurtada a dioses crueles 
y que vamos a un Dios que es de nosotros. 
Y otras veces ni estás cerro adelante, 
ni vas conmigo, ni vas en mi soplo: 
te has disuelto con niebla en las montañas, 
te has cedido al paisaje cardenoso. 
Y me das unas voces de sarcasmo 
desde tres puntos, y en dolor me rompo, 
porque mi cuerpo es uno, el que me diste, 
y tú eres un agua de cien ojos, 
y eres un paisaje de mil brazos, 
nunca más lo que son los amorosos: 
un pecho vivo sobre un pecho vivo, 
nudo de bronce ablandado en sollozo. 
Y nunca estamos, nunca nos quedamos, 
como dicen que quedan los gloriosos, 
delante de su Dios, en dos anillos 
de luz, o en dos medallones absortos, 
ensartados en un rayo de gloria 
o acostados en un cauce de oro. 
O te busco, y no sabes que te busco, 
o vas conmigo, y no te veo el rostro; 
o en mí tú vas, en terrible convenio, 
sin responderme con tu cuerpo sordo, 
siempre por el rosario de los cerros, 
que cobran sangre por entregar gozo, 
y hacen danzar en torno a cada uno, 
¡hasta el momento de la sien ardiendo, 
del cascabel de la antigua demencia 
y de la trampa en el vórtice rojo!";"gabriela_mistral";"la_fuga"
"50";"
Esta agua medrosa y triste, 
como un niño que padece, 
antes de tocar la tierra 
desfallece. 
Quieto el árbol, quieto el viento, 
¡y en el silencio estupendo, 
este fino llanto amargo 
cayendo! 
El cielo es como un inmenso 
corazón que se abre, amargo. 
No llueve: es un sangrar lento 
y largo. 
Dentro del hogar, los hombres 
no sienten esta amargura, 
este envío de agua triste 
de la altura. 
Este largo y fatigante 
descender de aguas vencidas, 
hacia la Tierra yacente 
y transida. 
Llueve... y como un chacal trágico 
la noche acecha en la sierra. 
¿Qué va a surgir, en la sombra, 
de la Tierra? 
¿Dormiréis, mientras afuera  
cae, sufriendo, esta agua inerte, 
esta agua letal, hermana 
de la Muerte?";"gabriela_mistral";"la_lluvia_lenta"
"51";"
 ";"gabriela_mistral";"la_madre_triste"
"52";"
Duerme, duerme, dueño mío, 
sin zozobra, sin temor, 
aunque no se duerma mi alma, 
aunque no descanse yo. ";"gabriela_mistral";"la_madre_triste"
"53";"Duerme, duerme y en la noche 
seas tú menos rumor 
que la hoja de la hierba, 
que la seda del vellón. ";"gabriela_mistral";"la_madre_triste"
"54";"Duerma en ti la carne mía, 
mi zozobra, mi temblor. 
En ti ciérrense mis ojos: 
¡duerma en ti mi corazón!";"gabriela_mistral";"la_madre_triste"
"55";"";"gabriela_mistral";"la_madre_triste"
"56";"
 ";"gabriela_mistral";"la_maestra_rural"
"57";"
La Maestra era pura. «Los suaves hortelanos», 
decía, 
«de este predio, que es predio de Jesús, 
han de conservar puros los ojos y las manos, 
guardar claros sus óleos, para dar clara luz». ";"gabriela_mistral";"la_maestra_rural"
"58";"La Maestra era pobre. Su reino no es humano.

(Así en el doloroso sembrador de Israel.) 
Vestía sayas pardas, no enjoyaba su mano 
¡y era todo su espíritu un inmenso joyel! ";"gabriela_mistral";"la_maestra_rural"
"59";"La Maestra era alegre. ¡Pobre mujer herida! 
Su sonrisa fue un modo de llorar con bondad. 
Por sobre la sandalia rota y enrojecida, 
tal sonrisa, la insigne flor de su santidad. ";"gabriela_mistral";"la_maestra_rural"
"60";"¡Dulce ser! En su río de mieles, caudaloso, 
largamente abrevaba sus tigres el dolor! 
Los hierros que le abrieron el pecho generoso 
¡más anchas le dejaron las cuencas del amor! ";"gabriela_mistral";"la_maestra_rural"
"61";"¡Oh, labriego, cuyo hijo de su labio aprendía

el himno y la plegaria, nunca viste el fulgor 
del lucero cautivo que en sus carnes ardía: 
pasaste sin besar su corazón en flor! ";"gabriela_mistral";"la_maestra_rural"
"62";"Campesina, ¿recuerdas que alguna vez prendiste

su nombre a un comentario brutal o baladí? 
Cien veces la miraste, ninguna vez la viste 
¡y en el solar de tu hijo, de ella hay más que de ti! ";"gabriela_mistral";"la_maestra_rural"
"63";"Pasó por él su fina, su delicada esteva, 
abriendo surcos donde alojar perfección. 
La albada de virtudes de que lento se nieva 
es suya. Campesina, ¿no le pides perdón? ";"gabriela_mistral";"la_maestra_rural"
"64";"Daba sombra por una selva su encina hendida 
el día en que la muerte la convidó a partir. 
Pensando en que su madre la esperaba dormida, 
a La de Ojos Profundos se dio sin resistir. ";"gabriela_mistral";"la_maestra_rural"
"65";"Y en su Dios se ha dormido, como un cojín de 
luna; 
almohada de sus sienes, una constelación; 
canta el Padre para ella sus canciones de cuna 
¡y la paz llueve largo sobre su corazón! ";"gabriela_mistral";"la_maestra_rural"
"66";"Como un henchido vaso, traía el alma hecha 
para volcar aljófares sobre la humanidad; 
y era su vida humana la dilatada brecha 
que suele abrirse el Padre para echar claridad. ";"gabriela_mistral";"la_maestra_rural"
"67";"Por eso aún el polvo de sus huesos sustenta 
púrpura de rosales de violento llamear. 
¡Y el cuidador de tumbas, como aroma, me cuenta, las 
plantas del que huella sus huesos, al pasar!";"gabriela_mistral";"la_maestra_rural"
"68";" ";"gabriela_mistral";"la_maestra_rural"
"69";"
Que mi dedito lo cogió una almeja, 
y que la almeja se cayó en la arena, 
y que la arena se la tragó el mar. 
Y que del mar la pescó un ballenero 
y el ballenero llegó a Gibraltar; 
y que en Gibraltar cantan pescadores: 
«Novedad de tierra sacamos del mar, 
novedad de un dedito de niña: 
¡la que esté manca lo venga a buscar!»";"gabriela_mistral";"la_manca"
"70";"Que me den un barco para ir a traerlo, 
y para el barco me den capitán, 
para el capitán que me den soldada, 
y que por soldada pide la ciudad: 
Marsella con torres y plazas y barcos, 
de todo el mundo la mejor ciudad, 
que no será hermosa con una niñita 
a la que le robó su dedito el mar, 
y los balleneros en pregones cantan 
y están esperando sobre Gibraltar...";"gabriela_mistral";"la_manca"
"71";"
Por que duermas, hijo mío, 
el ocaso no arde más: 
no hay más brillo que el rocío, 
más blancura que mi faz. 
Por que duermas, hijo mío, 
el camino enmudeció: 
nadie gime sino el río; 
nada existe sino yo. 
Se anegó de niebla el llano. 
Se encongió el suspiro azul. 
Se ha posado como mano 
sobre el mundo la quietud. 
Yo no sólo fui meciendo 
a mi niño en mi cantar: 
a la Tierra iba durmiendo 
el vaivén del acunar...";"gabriela_mistral";"la_noche"
"72";"
¡Señor! Tú que enseñaste, perdona que yo enseñe; que lleve el nombre de maestra, que Tú llevaste por la Tierra. 
Dame el amor único de mi escuela; que ni la quemadura de la belleza sea capaz de robarle mi ternura de todos los instantes. 
Maestro, hazme perdurable el fervor y pasajero el desencanto. Arranca de mí este impuro deseo de justicia que aún me turba, la mezquina insinuación de protesta que sube de mí cuando me hieren. No me duela la incomprensión ni me entristezca el olvido de las que enseñé. 
Dame el ser más madre que las madres, para poder amar y defender como ellas lo que no es carne de mis carnes. Dame que alcance a hacer de una de mis niñas mi verso perfecto y a dejarte en ella clavada mi más penetrante melodía, para cuando mis labios no canten más. 
Muéstrame posible tu Evangelio en mi tiempo, para que no renuncie a la batalla de cada día y de cada hora por él. 
Pon en mi escuela democrática el resplandor que se cernía sobre tu corro de niños descalzos. 
Hazme fuerte, aun en mi desvalimiento de mujer, y de mujer pobre; hazme despreciadora de todo poder que no sea puro, de toda presión que no sea la de tu voluntad ardiente sobre mi vida. 
¡Amigo, acompáñame! ¡Sostenme! Muchas veces no tendré sino a Ti a mi lado. Cuando mi doctrina sea más casta y más quemante mi verdad, me quedaré sin los mundanos; pero Tú me oprimirás entonces contra tu corazón, el que supo harto de soledad y desamparo. Yo no buscaré sino en tu mirada la dulzura de las aprobaciones. 
Dame sencillez y dame profundidad; líbrame de ser complicada o banal en mi lección cotidiana. 
Dame el levantar los ojos de mi pecho con heridas, al entrar cada mañana a mi escuela. Que no lleve a mi mesa de trabajo mis pequeños afanes materiales, mis mezquinos dolores de cada hora. 
Aligérame la mano en el castigo y suavízamela más en la caricia. ¡Reprenda con dolor, para saber que he corregido amando! 
Haz que haga de espíritu mi escuela de ladrillos. Le envuelva la llamarada de mi entusiasmo su atrio pobre, su sala desnuda. Mi corazón le sea más columna y mi buena voluntad más horas que las columnas y el oro de las escuelas ricas. 
Y, por fin, recuérdame desde la palidez del lienzo de Velázquez, que enseñar y amar intensamente sobre la Tierra es llegar al último día con el lanzazo de Longinos en el costado ardiente de amor.";"gabriela_mistral";"la_oración_de_la_maestra"
"73";"
Una en mí maté: 
yo no la amaba. 
Era la flor llameando 
del cactus de montaña; 
era aridez y fuego; 
nunca se refrescaba. 
Piedra y cielo tenía 
a pies y a espadas 
y no bajaba nunca 
a buscar «ojos de agua». 
Donde hacía su siesta, 
las hierbas se enroscaban 
de aliento de su boca 
y brasa de su cara. 
En rápidas resinas 
se endurecía su habla, 
por no caer en linda 
presa soltada. 
Doblarse no sabía 
la planta de montaña, 
y al costado de ella, 
yo me doblaba... 
La dejé que muriese, 
robándole mi entraña. 
Se acabó como el águila 
que no es alimentada. 
Sosegó el aletazo, 
se dobló, lacia, 
y me cayó a la mano 
su pavesa acabada... 
Por ella todavía 
me gimen sus hermanas, 
y las gredas de fuego 
al pasar me desgarran. 
Cruzando yo les digo: 
?Buscad por las quebradas 
y haced con las arcillas 
otra águila abrasada. 
Si no podéis, entonces, 
¡ay!, olvidadla. 
Yo la maté. ¡Vosotras 
también matadla!";"gabriela_mistral";"la_otra"
"74";"
Ésta que era una niña de cera; 
pero no era una niña de cera, 
era una gavilla parada en la era. 
Pero no era una gavilla 
sino la flor tiesa de la maravilla. 
Tampoco era la flor sino que era 
un rayito de sol pegado a la vidriera. 
No era un rayito de sol siquiera: 
una pajita dentro de mis ojitos era. 
¡Alléguense a mirar cómo he perdido entera, 
en este lagrimón, mi fiesta verdadera!";"gabriela_mistral";"la_pajita"
"75";"
Una rata corrió a un venado 
y los venados al jaguar, 
y los jaguares a los búfalos, 
y los búfalos a la mar... 
¡Pillen, pillen a los que se van! 
¡Pillen a la rata pillen al venado, 
pillen a los búfalos y a la mar! 
Miren que la rata de la delantera 
se lleva en las patas lana de bordar, 
y con la lana bordo mi vestido, 
y con el vestido me voy a casar. 
¡Suban y pasen la llanada, 
corran sin aliento, sigan sin parar. 
Vuelen por la novia, y por el cortejo, 
y por la carroza y el velo nupcial.";"gabriela_mistral";"la_rata"
"76";"
Niño indio, si estás cansado, 
tú te acuestas sobre la Tierra, 
y lo mismo si estás alegre, 
hijo mío, juega con ella... 
Se oyen cosas maravillosas 
al tambor indio de la Tierra: 
se oye el fuego que sube y baja 
buscando el cielo, y no sosiega. 
Rueda y rueda, se oyen los ríos 
en cascadas que no se cuentan. 
Se oyen mugir los animales; 
se oye el hacha comer la selva. 
Se oyen sonar telares indios. 
Se oyen trillas, se oyen fiestas. 
Donde el indio lo está llamando, 
el tambor indio le contesta, 
y tañe cerca y tañe lejos, 
como el que huye y que regresa... 
Todo lo toma, todo lo carga 
el lomo santo de la Tierra: 
lo que camina, lo que duerme, 
lo que retoza y lo que pena; 
y lleva vivos y lleva muertos 
el tambor indio de la Tierra. 
Cuando muera, no llores, hijo: 
pecho a pecho ponte con ella, 
y si sujetas los alientos 
como que todo o nada fueras, 
tú escucharás subir su brazo 
que me tenía y que me entrega, 
y la madre que estaba rota 
tú la verás volver entera.";"gabriela_mistral";"la_tierra"
"77";"
Mientras tiene luz el mundo 
y despierto está mi niño, 
por encima de su cara, 
todo es un hacerse guiños. 
Guiños le hace la alameda 
con sus dedos amarillos, 
y tras de ella vienen nubes 
en piruetas de cabritos... 
La cigarra, al mediodía, 
con el frote le hace guiño, 
y la maña de la brisa 
guiña con su pañalito. 
Al venir la noche hace 
guiño socarrón el grillo, 
y en saliendo las estrellas, 
me le harán sus santos guiños... 
Yo le digo a la otra Madre, 
a la llena de caminos: 
""¡Haz que duerma tu pequeño 
para que se duerma el mío!"". 
Y la muy consentidora, 
la rayada de caminos, 
me contesta: «¡Duerme al tuyo 
para que se duerma el mío!».";"gabriela_mistral";"la_tierra_y_la_mujer"
"78";"
Una niña que es inválida 
dijo: ?«¿Cómo danzo yo?» 
Le dijimos que pusiera 
a danzar su corazón... 
Luego dijo la quebrada: 
?«¿Cómo cantaría yo?» 
Le dijimos que pusiera 
a cantar su corazón... 
Dijo el pobre cardo muerto: 
?«¿Cómo danzaría yo?» 
Le dijimos: ?«Pon al viento 
a volar tu corazón...» 
Dijo Dios desde la altura: 
?«¿Cómo bajo del azul?» 
Le dijimos que bajara 
a danzarnos en la luz. 
Todo el valle está danzando 
en un corro bajo el sol, 
y al que no entra se le hace 
tierra, tierra el corazón.";"gabriela_mistral";"los_que_no_danzan"
"79";"
I 
Del nicho helado en que los hombres te pusieron, 
te bajaré a la tierra humilde y soleada. 
Que he de dormirme en ella los hombres no supieron, 
y que hemos de soñar sobre la misma almohada. 
Te acostaré en la tierra soleada con una 
dulcedumbre de madre para el hijo dormido, 
y la tierra ha de hacerse suavidades de cuna 
al recibir tu cuerpo de niño dolorido. 
Luego iré espolvoreando tierra y polvo de rosas, 
y en la azulada y leve polvareda de luna, 
los despojos livianos irán quedando presos. 
Me alejaré cantando mis venganzas hermosas, 
¡porque a ese hondor recóndito la mano de ninguna 
bajará a disputarme tu puñado de huesos! 
II 
Este largo cansancio se hará mayor un día, 
y el alma dirá al cuerpo que no quiere seguir 
arrastrando su masa por la rosada vía, 
por donde van los hombres, contentos de vivir...  
Sentirás que a tu lado cavan briosamente, 
que otra dormida llega a la quieta ciudad. 
Esperaré que me hayan cubierto totalmente... 
¡y después hablaremos por una eternidad!  
Sólo entonces sabrás el por qué no madura, 
para las hondas huesas tu carne todavía, 
tuviste que bajar, sin fatiga, a dormir.  
Se hará luz en la zona de los sinos, oscura; 
sabrás que en nuestra alianza signo de astros había 
y, roto el pacto enorme, tenías que morir... 
III 
Malas manos tomaron tu vida desde el día  
en que, a una señal de astros, dejara su plantel 
nevado de azucenas. En gozo florecía. 
Malas manos entraron trágicamente en él...  
Y yo dije al Señor: ?«Por las sendas mortales 
le llevan. ¡Sombra amada que no saben guiar! 
¡Arráncalo, Señor, a esas manos fatales 
o le hundes en el largo sueño que sabes dar!  
»¡No le puedo gritar, no le puedo seguir! 
Su barca empuja un negro viento de tempestad. 
Retórnalo a mis brazos o le siegas en flor».  
Se detuvo la barca rosa de su vivir... 
¿Que no sé del amor, que no tuve piedad? 
¡Tú que vas a juzgarme, lo comprendes, Señor!";"gabriela_mistral";"los_sonetos_de_la_muerte"
"80";"
Malas manos tomaron tu vida desde el día
en que, a una señal de astros, dejara su plantel
nevado de azucenas. En gozo florecía.
Malas manos entraron trágicamente en él.
Y yo dije al Señor: ""Por las sendas mortales
le llevan, ¡sombra amada que no saben guiar!
¡Arráncalo, Señor, a esas manos fatales
o le hundes en el largo sueño que sabes dar!
""¡No le puedo gritar, no le puedo seguir!
Su barca empuja un negro viento de tempestad.
Retórnalo a mis brazos o le siegas en flor"".
Se detuvo la barca rosa de su vivir...
¿Que no sé del amor, que no tuve piedad?
¡Tú, que vas a juzgarme, lo comprendes, Señor!";"gabriela_mistral";"malas_manos_tomaron_tu_vida"
"81";"
Manitas de los niños, 
manitas pedigüeñas, 
de los valles del mundo 
sois dueñas. 
Manitas de los niños 
que al granado se tienden, 
por vosotros las frutas 
se encienden. 
Y los panales llenos 
de su carga se ofenden. 
¡Y los hombres que pasan 
no entienden! 
Manitas blancas, hechas 
como de suave harina, 
la espiga por tocaros 
se inclina. 
Manitas extendidas, 
piñón, caracolitos, 
bendito quien os colme, 
¡bendito! 
Benditos los que oyendo 
que parecéis un grito, 
os devuelvan al mundo: 
¡benditos!";"gabriela_mistral";"manitas"
"82";"
Duérmete, mi niño, 
duérmete sonriendo, 
que es la ronda de astros 
quien te va meciendo. 
Gozaste la luz 
y fuiste feliz. 
Todo bien tuviste 
al tenerme a mí. 
Duérmete, mi niño, 
duérmete sonriendo, 
que es la Tierra amante 
quien te va meciendo. 
Miraste la ardiente 
rosa carmesí. 
Estrechaste al mundo: 
me estrechaste a mí. 
Duérmete, mi niño, 
duérmete sonriendo, 
que es Dios en la sombra 
el que va meciendo.";"gabriela_mistral";"me_tuviste"
"83";"
El mar sus millares de olas 
mece, divino. 
Oyendo a los mares amantes, 
mezo a mi niño. 
El viento errabundo en la noche 
mece los trigos. 
Oyendo a los vientos amantes, 
mezo a mi niño. 
Dios Padre sus miles de mundos 
mece sin ruido. 
Sintiendo su mano en la sombra 
mezo a mi niño.";"gabriela_mistral";"meciendo"
"84";"
Yo no quiero que a mi niña 
golondrina me la vuelvan; 
se hunde volando en el Cielo 
y no baja hasta mi estera; 
en el alero hace el nido 
y mis manos no la peinan. 
Yo no quiero que a mi niña 
golondrina me la vuelvan. 
Yo no quiero que a mi niña 
la vayan a hacer princesa. 
Con zapatitos de oro 
¿cómo juega en las praderas? 
Y cuando llegue la noche 
a mi lado no se acuesta... 
Yo no quiero que a mi niña 
la vayan a hacer princesa. 
Y menos quiero que un día 
me la vayan a hacer reina. 
La subirían al trono 
a donde mis pies no llegan. 
Cuando viniese la noche 
yo no podría mecerla... 
¡Yo no quiero que a mi niña 
me la vayan a hacer reina!";"gabriela_mistral";"miedo"
"85";"
Ha bajado la nieve, divina criatura, 
el valle a conocer. 
Ha bajado la nieve, mejor que las estrellas. 
¡Mirémosla caer! 
Viene calla-callando, cae y cae a las puertas 
y llama sin llamar. 
Así llega la Virgen, y así llegan los sueños. 
¡Mirémosla llegar! 
Ella deshace el nido grande que está en los cielos 
y ella lo hace volar. 
Plumas caen al valle, plumas a la llanada, 
plumas al olivar. 
Tal vez rompió, cayendo y cayendo, el mensaje 
de Dios Nuestro Señor. 
Tal vez era su manto, tal vez era su imagen, 
tal vez no más su amor.";"gabriela_mistral";"mientras_baja_la_nieve"
"86";"
Las montañas se deshacen, 
el ganado se ha perdido; 
el sol regresa a su fragua: 
todo el mundo se va huido. 
Se va borrando la huerta, 
la granja se ha sumergido 
y mi cordillera sume 
su cumbre y su grito vivo. 
Las criaturas resbalan 
de soslayo hacia el olvido, 
y también los dos rodamos 
hacia la noche, mi niño.";"gabriela_mistral";"noche"
"87";"
Padre Nuestro, que estás en los cielos, 
¡por qué te has olvidado de mí! 
Te acordaste del fruto en febrero, 
al llagarse su pulpa rubí. 
¡Llevo abierto también mi costado, 
y no quieres mirar hacia mí! 
Te acordaste del negro racimo, 
y lo diste al lagar carmesí; 
y aventaste las hojas del álamo, 
con tu aliento, en el aire sutil. 
¡Y en el ancho lagar de la muerte 
aun no quieres mi pecho oprimir! 
Caminando vi abrir las violetas; 
el falerno del viento bebí, 
y he bajado, amarillos, mis párpados, 
por no ver más enero ni abril. 
Y he apretado la boca, anegada 
de la estrofa que no he de exprimir. 
¡Has herido la nube de otoño 
y quieres volverte hacia mí! 
Me vendió el que besó mi mejilla; 
me negó por la túnica ruin. 
Yo en mis versos el rostro con sangre, 
como Tú sobre el paño, le di, 
y en mi noche del Huerto, me han sido 
Juan cobarde y el Ángel hostil. 
Ha venido el cansancio infinito 
a clavarse en mis ojos, al fin: 
el cansancio del día que muere 
y el del alba que debe venir; 
¡el cansancio del cielo de estaño 
y el cansancio del cielo de añil! 
Ahora suelto la mártir sandalia  
y las trenzas pidiendo dormir. 
Y perdida en la noche, levanto 
el clamor aprendido deTi: 
¡Padre Nuestro, que estás en los cielos, 
por qué te has olvidado de mí!";"gabriela_mistral";"nocturno"
"88";"
Madre, cuando sea grande, 
¡ay..., qué mozo el que tendrás! 
Te levantaré en mis brazos, 
como el zonda al herbazal. 
O te acostaré en las parvas 
o te cargaré hasta el mar 
o te subiré las cuestas 
o te dejaré al umbral. 
¿Y qué casal ha de hacerte 
tu niñito, tu titán, 
y qué sombra tan amante 
sus aleros van a dar? 
Yo te regaré una huerta 
y tu falda he de cansar 
con las frutas y las frutas 
que son mil y que son más. 
O mejor te haré tapices 
con la juncia de trenzar; 
o mejor tendré un molino 
que te hable haciendo el pan. 
Cuenta, cuenta las ventanas 
y las puertas del casal; 
cuenta, cuenta maravillas 
si las puedes tú contar...";"gabriela_mistral";"obrerito"
"89";"
Ya en la mitad de mis días espigo 
esta verdad con frescura de flor: 
la vida es oro y dulzura de trigo, 
es breve el odio e inmenso el amor. 
Mudemos ya por el verso sonriente 
aquel listado de sangre con hiel. 
Abren violetas divinas, y el viento 
desprende al valle un aliento de miel. 
Ahora no sólo comprendo al que reza; 
ahora comprendo al que rompe a cantar. 
La sed es larga, la cuesta es aviesa; 
pero en un lirio se enreda el mirar. 
Grávidos van nuestros ojos de llanto 
y un arroyuelo nos hace sonreír; 
por una alondra que erige su canto 
nos olvidamos que es duro morir. 
No hay nada ya que mis carnes taladre. 
Con el amor acabóse el hervir. 
Aún me apacienta el mirar de mi madre. 
¡Siento que Dios me va haciendo dormir!";"gabriela_mistral";"palabras_serenas"
"90";"
Dejaron un pan en la mesa, 
mitad quemado, mitad blanco, 
pellizcado encima y abierto 
en unos migajones de ampo. 
Me parece nuevo o como no visto, 
y otra cosa que él no me ha alimentado, 
pero volteando su miga, sonámbula, 
tacto y olor se me olvidaron. 
Huele a mi madre cuando dio su leche, 
huele a tres valles por donde he pasado: 
a Aconcagua, a Pátzcuaro, a Elqui, 
y a mis entrañas cuando yo canto. 
Otros olores no hay en la estancia 
y por eso él así me ha llamado; 
y no hay nadie tampoco en la casa 
sino este pan abierto en un plato, 
que con su cuerpo me reconoce 
y con el mío yo reconozco. 
Se ha comido en todos los climas 
el mismo pan en cien hermanos: 
pan de Coquimbo, pan de Oaxaca, 
pan de Santa Ana y de Santiago. 
En mis infancias yo le sabía 
forma de sol, de pez o de halo, 
y sabía mi mano su miga 
y el calor de pichón emplumado... 
Después le olvidé, hasta este día 
en que los dos nos encontramos, 
yo con mi cuerpo de Sara vieja 
y él con el suyo de cinco años. 
Amigos muertos con que comíalo 
en otros valles, sientan el vaho 
de un pan en septiembre molido 
y en agosto en Castilla segado. 
Es otro y es el que comimos 
en tierras donde se acostaron. 
Abro la miga y les doy su calor; 
lo volteo y les pongo su hálito. 
La mano tengo de él rebosada 
y la mirada puesta en mi mano; 
entrego un llanto arrepentido 
por el olvido de tantos años, 
y la cara se me envejece 
o me renace en este hallazgo. 
Como se halla vacía la casa, 
estemos juntos los reencontrados, 
sobre esta mesa sin carne y fruta, 
los dos en este silencio humano, 
hasta que seamos otra vez uno 
y nuestro día haya acabado...";"gabriela_mistral";"pan"
"91";"
Piececitos de niño, 
azulosos de frío, 
¡cómo os ven y no os cubren, 
Dios mío! 
¡Piececitos heridos 
por los guijarros todos, 
ultrajados de nieves 
y lodos! 
El hombre ciego ignora 
que por donde pasáis, 
una flor de luz viva 
dejáis; 
que allí donde ponéis 
la plantita sangrante, 
el nardo nace más 
fragante. 
Sed, puesto que marcháis 
por los caminos rectos, 
heroicos como sois 
perfectos. 
Piececitos de niño, 
dos joyitas sufrientes, 
¡cómo pasan sin veros 
las gentes!";"gabriela_mistral";"piececitos"
"92";"
I 
¡Un hijo, un hijo, un hijo! Yo quise un hijo tuyo 
y mío, allá en los días del éxtasis ardiente, 
en los que hasta mis huesos temblaron de tu arrullo 
y un ancho resplandor creció sobre mi frente. 
Decía: ¡un hijo!, como el árbol conmovido 
de primavera alarga sus yemas hacia el cielo. 
¡Un hijo con los ojos de Cristo engrandecidos, 
la frente de estupor y los labios de anhelo! 
Sus brazos en guirnalda a mi cuello trenzados; 
el río de mi vida bajando a él, fecundo, 
y mis entrañas como perfume derramado 
ungiendo con su marcha las colinas del mundo. 
Al cruzar una madre grávida, la miramos 
con los labios convulsos y los ojos de ruego, 
cuando en las multitudes con nuestro amor pasamos. 
¡Y un niño de ojos dulces nos dejó como ciegos! 
En las noches, insomne de dicha y de visiones, 
la lujuria de fuego no descendió a mi lecho. 
Para el que nacería vestido de canciones 
yo extendía mi brazo, yo ahuecaba mi pecho... 
El sol no parecíame, para bañarlo, intenso; 
mirándome, yo odiaba, por toscas, mis rodillas; 
mi corazón, confuso, temblaba al don inmenso; 
¡y un llanto de humildad regaba mis mejillas! 
Y no temí a la muerte, disgregadora impura; 
los ojos de él libraron los tuyos de la nada, 
y a la mañana espléndida o a la luz insegura 
yo hubiera caminado bajo de esa mirada... 
II 
Ahora tengo treinta años, y mis sienes jaspea 
la ceniza precoz de la muerte. En mis días, 
como la lluvia eterna de los polos, gotea 
la amargura con lágrimas lentas, salobre y fría. 
Mientras arde la llama del pino, sosegada, 
mirando a mis entrañas pienso qué hubiera sido 
un hijo mío, infante con mi boca cansada, 
mi amargo corazón y mi voz de vencido. 
Y con tu corazón, el fruto de veneno, 
y tus labios que hubieran otra vez renegado. 
Cuarenta lunas él no durmiera en mi seno, 
que sólo por ser tuyo me hubiese abandonado. 
Y en qué huertas en flor, junto a qué aguas corrientes 
lavara, en primavera, su sangre de mi pena, 
si fui triste en las landas y en las tierras clementes, 
y en toda tarde mística hablaría en sus venas. 
Y el horror de que un día, con la boca quemante 
de rencor, me dijera lo que dije a mi padre: 
«¿Por qué ha sido fecunda tu carne sollozante 
y se henchieron de néctar los pechos de mi madre?» 
Siento el amargo goce de que duermas abajo 
en tu lecho de tierra, y un hijo no meciera 
mi mano, por dormir yo también sin trabajos 
y sin remordimientos, bajo una zarza fiera. 
Porque yo no cerrara los párpados, y loca 
escuchase a través de la muerte, y me hincara, 
deshechas las rodillas, retorcida la boca, 
si lo viera pasar con mi fiebre en su cara. 
Y la tregua de Dios a mí no descendiera: 
en la carne inocente me hirieran los malvados, 
y por la eternidad mis venas exprimieran 
sobre mis hijos de ojos y de frente extasiados. 
¡Bendito pecho mío en que a mis gentes hundo 
y bendito mi vientre en que mi raza muere! 
¡La cara de mi madre ya no irá por el mundo 
ni su voz sobre el viento, trocada en miserere! 
La selva hecha cenizas retoñará cien veces 
y caerá cien veces, bajo el hacha, madura. 
Caeré para no alzarme en el mes de las mieses; 
conmigo entran los míos a la noche que dura. 
Y como si pagara la deuda de una raza, 
taladran los dolores mi pecho cual colmena. 
Vivo una vida entera en cada hora que pasa; 
como el río hacia el mar, van amargas mis venas. 
Mis pobres muertos miran el sol y los ponientes 
con un ansia tremenda, porque ya en mí se ciegan. 
Se me cansan los labios de las preces fervientes 
que antes que yo enmudezca por mi canción entregan. 
No sembré por mi troje, no enseñé para hacerme 
un brazo con amor para la hora postrera, 
cuando mi cuello roto no pueda sostenerme 
y mi mano tantee la sábana ligera. 
Apacenté los hijos ajenos, colmé el troje 
con los trigos divinos, y sólo a Ti espero, 
¡Padre nuestro que estás en los cielos!, recoge 
mi cabeza mendiga, si en esta noche muero.";"gabriela_mistral";"poema_del_hijo"
"93";"
Ojitos de las estrellas 
abiertos en un oscuro 
terciopelo: de lo alto, 
¿me veis puro? 
Ojitos de las estrellas, 
prendidos en el sereno 
cielo, decid: desde arriba, 
¿me veis bueno? 
Ojitos de las estrellas, 
de pestañitas inquietas, 
¿por qué sois azules, rojos 
y violetas? 
Ojitos de la pupila 
curiosa y trasnochadora, 
¿por qué os borra con sus rosas 
la aurora? 
Ojitos, salpicaduras 
de lágrimas o rocío, 
cuando tembláis allá arriba, 
¿es de frío? 
Ojitos de las estrellas, 
fijo en una y otra os juro 
que me habéis de mirar siempre, 
siempre puro.";"gabriela_mistral";"promesa_a_las_estrellas"
"94";"
Entre los gestos del mundo 
recibí el que me dan las puertas. 
En la luz yo las he visto 
o selladas o entreabiertas 
y volviendo sus espaldas 
del color de la vulpeja. 
¿Por qué fue que las hicimos 
para ser sus prisioneras? 
Del gran fruto de la casa 
son la cáscara avarienta. 
El fuego amigo que gozan 
a la ruta no lo prestan. 
Canto que adentro cantamos 
lo sofocan sus maderas 
y a su dicha no convidan 
como la granada abierta: 
¡Sibilas llenas de polvo, 
nunca mozas, nacidas viejas! 
Parecen tristes moluscos 
sin marea y sin arenas.  
Parecen, en lo ceñudo, 
la nube de la tormenta. 
A las sayas verticales 
de la Muerte se asemejan 
y yo las abro y las paso 
como la caña que tiembla. 
«¡No!», dicen a las mañanas 
aunque las bañen, las tiernas. 
Dicen «¡No!» al viento marino 
que en su frente palmotea 
y al olor de pinos nuevos 
que se viene por la Sierra. 
Y lo mismo que Casandra, 
no salvan aunque bien sepan: 
porque mi duro destino 
él también pasó mi puerta. 
Cuando golpeo me turban 
igual que la vez primera. 
El seco dintel da luces 
como la espada despierta 
y los batientes se avivan 
en escapadas gacelas. 
Entro como quien levanta 
paño de cara encubierta, 
sin saber lo que me tiene 
mi casa de angosta almendra 
y pregunto si me aguarda 
mi salvación o mi pérdida. 
Ya quiero irme y dejar 
el sobrehaz de la Tierra, 
el horizonte que acaba 
como un ciervo, de tristeza, 
y las puertas de los hombres 
selladas como cisternas. 
Por no voltear en la mano 
sus llaves de anguilas muertas 
y no oírles más el crótalo 
que me sigue la carrera. 
Voy a cruzar sin gemido 
la última vez por ellas 
y a alejarme tan gloriosa 
como la esclava liberta, 
siguiendo el cardumen vivo 
de mis muertos que me llevan. 
No estarán allá rayados 
por cubo y cubo de puertas 
ni ofendidos por sus muros 
como el herido en sus vendas. 
Vendrán a mí sin embozo, 
oreados de luz eterna. 
Cantaremos a mitad 
de los cielos y la tierra. 
Con el canto apasionado 
heriremos puerta y puerta 
y saldrán de ellas los hombres 
como niños que despiertan 
al oír que se descuajan 
y que van cayendo muertas.";"gabriela_mistral";"puertas"
"95";"
Tengo la dicha fiel 
y la dicha perdida: 
la una como rosa, 
la otra como espina. 
De lo que me robaron 
no fui desposeída; 
tengo la dicha fiel 
y la dicha perdida, 
y estoy rica de púrpura 
y de melancolía. 
¡Ay, qué amante es la rosa 
y qué amada la espina! 
Como el doble contorno 
de dos frutas mellizas 
tengo la dicha fiel 
y la dicha perdida.";"gabriela_mistral";"riqueza"
"96";"
Azul loco y verde loco 
del lino en rama y en flor. 
Mareando de oleadas 
baila el lindo azuleador. 
Cuando el azul se deshoja, 
sigue el verde danzador: 
verde-trébol, verde-oliva 
y el gayo verde-limón. 
¡Vaya hermosura! 
¡Vaya el Color! 
Rojo manso y rojo bravo 
?rosa y clavel reventón?. 
Cuando los verdes se rinden, 
él salta como un campeón. 
Bailan uno tras el otro, 
no se sabe cuál mejor, 
y los rojos bailan tanto 
que se queman en su ardor. 
¡Vaya locura! 
¡Vaya el Color! 
El amarillo se viene 
grande y lleno de fervor 
y le abren paso todos 
como viendo a Agamenón. 
A lo humano y lo divino 
baila el santo resplandor: 
aromas gajos dorados 
y el azafrán volador. 
¡Vaya delirio! 
¡Vaya el Color! 
Y por fin se van siguiendo 
al pavo-real del sol, 
que los recoge y los lleva 
como un padre o un ladrón. 
Mano a mano con nosotros 
todos eran, ya no son: 
¡El cuento del mundo muere 
al morir el Contador!";"gabriela_mistral";"ronda_de_los_colores"
"97";"
I 
Ruth moabita a espigar va a las eras, 
aunque no tiene ni un campo mezquino. 
Piensa que es Dios dueño de las praderas 
y que ella espiga en un predio divino. 
El sol caldeo su espalda acuchilla, 
baña terrible su dorso inclinado; 
arde de fiebre su leve mejilla, 
y la fatiga le rinde el costado. 
Booz se ha sentado en la parva abundosa. 
El trigal es una onda infinita, 
desde la sierra hasta donde él reposa, 
que la albundancia ha cegado el camino... 
¡Y en la onda de oro la Ruth moabita  
viene, espigando, a encontrar su destino!  
II 
Booz miró a Ruth, y a los recolectadores 
dijo: «Dejad que recoja confiada...» 
Y sonrieron los espigadores, 
viendo del viejo la absorta mirada... 
Eran sus barbas dos sendas de flores, 
su ojo dulzura, reposo el semblante; 
su voz pasaba de alcor en alcores, 
pero podía dormir a un infante... 
Ruth lo miró de la planta a la frente, 
y fue sus ojos saciados bajando, 
como el que bebe en inmensa corriente... 
Al regresar a la aldea, los mozos 
que ella encontró la miraron temblando. 
Pero en su sueño Booz fue su esposo... 
III 
Y aquella noche el patriarca en la era 
viendo los astros que laten de anhelo, 
recordó aquello que a Abraham prometiera 
Jehová: más hijos que estrellas dio al cielo. 
Y suspiró por su lecho baldío, 
rezó llorando, e hizo sitio en la almohada 
para la que, como baja el rocío, 
hacia él vendría en la noche callada. 
Ruth vio en los astros los ojos con llanto 
de Booz llamándola, y estremecida, 
dejó su lecho, y se fue por el campo...  
Dormía el justo, hecho paz y belleza. 
Ruth, más callada que espiga vencida, 
puso en el pecho de Booz su cabeza.";"gabriela_mistral";"ruth"
"98";"
Todas íbamos a ser reinas, 
de cuatro reinos sobre el mar: 
Rosalía con Efigenia 
y Lucila con Soledad. 
En el valle de Elqui, ceñido 
de cien montañas o de más, 
que como ofrendas o tributos 
arden en rojo y azafrán, 
Lo decíamos embriagadas, 
y lo tuvimos por verdad, 
que seríamos todas reinas 
y llegaríamos al mar. 
Con las trenzas de los siete años, 
y batas claras de percal, 
persiguiendo tordos huidos 
en la sombra del higueral, 
De los cuatro reinos, decíamos, 
indudables como el Korán, 
que por grandes y por cabales 
alcanzarían hasta el mar. 
Cuatro esposos desposarían, 
por el tiempo de desposar, 
y eran reyes y cantadores 
como David, rey de Judá. 
Y de ser grandes nuestros reinos, 
ellos tendrían, sin faltar, 
mares verdes, mares de algas, 
y el ave loca del faisán. 
Y de tener todos los frutos, 
árbol de leche, árbol del pan, 
el guayacán no cortaríamos 
ni morderíamos metal. 
Todas íbamos a ser reinas, 
y de verídico reinar; 
pero ninguna ha sido reina 
ni en Arauco ni en Copán. 
Rosalía besó marino 
ya desposado en el mar, 
y al besador, en las Guaitecas, 
se lo comió la tempestad. 
Soledad crió siete hermanos 
y su sangre dejó en su pan, 
y sus ojos quedaron negros 
de no haber visto nunca el mar. 
En las viñas de Montegrande, 
con su puro seno candeal, 
mece los hijos de otras reinas 
y los suyos no mecerá. 
Efigenia cruzó extranjero 
en las rutas, y sin hablar, 
le siguió, sin saberle nombre, 
porque el hombre parece el mar. 
Y Lucila, que hablaba a río, 
a montaña y cañaveral, 
en las lunas de la locura 
recibió reino de verdad. 
En las nubes contó diez hijos 
y en los salares su reinar, 
en los ríos ha visto esposos 
y su manto en la tempestad. 
Pero en el Valle de Elqui, donde 
son cien montañas o son más, 
cantan las otras que vinieron 
y las que vienen cantarán: 
?«En la tierra seremos reinas, 
y de verídico reinar, 
y siendo grandes nuestros reinos, 
llegaremos todas al mar».";"gabriela_mistral";"todas_íbamos_a_ser_reinas"
"99";"
Los astros son ronda de niños, 
jugando la tierra a espiar... 
Los trigos son talles de niñas 
jugando a ondular..., a ondular... 
Los ríos son rondas de niños 
jugando a encontrarse en el mar... 
Las olas son rondas de niñas, 
jugando la Tierra a abrazar...";"gabriela_mistral";"todo_es_ronda"
"100";"
Tres árboles caídos 
quedaron a la orilla del sendero. 
El leñador los olvidó, y conversan 
apretados de amor, como tres ciegos. 
El sol de ocaso pone 
su sangre viva en los hendidos leños 
¡y se llevan los vientos la fragancia 
de su costado abierto! 
Uno torcido, tiende 
su brazo inmenso y de follaje trémulo 
hacia el otro, y sus heridas 
como dos ojos son, llenos de ruego. 
El leñador los olvidó. La noche 
vendrá. Estaré con ellos. 
Recibiré en mi corazón sus mansas 
resinas. Me serán como de fuego. 
¡Y mudos y ceñidos, 
nos halle el día en un montón de duelo!";"gabriela_mistral";"tres_árboles"
"101";"
Si tú me miras, yo me vuelvo hermosa 
como la hierba a que bajó el rocío, 
y desconocerán mi faz gloriosa 
las altas cañas cuando baje al río. 
Tengo vergüenza de mi boca triste, 
de mi voz rota y mis rodillas rudas; 
ahora que me miraste y que viniste, 
me encontré pobre y me palpé desnuda. 
Ninguna piedra en el camino hallaste 
más desnuda de luz en la alborada 
que esta mujer a la que levantaste, 
porque oíste su canto, la mirada. 
Yo callaré para que no conozcan 
mi dicha los que pasan por el llano, 
en el fulgor que da a mi frente tosca 
en la tremolación que hay en mi mano... 
Es noche y baja a la hierba el rocío; 
mírame largo y habla con ternura, 
¡que ya mañana al descender al río 
lo que besaste llevará hermosura!";"gabriela_mistral";"vergüenza"
"102";"
¿Y nunca, nunca más, ni en noches llenas 
de temblor de astros, ni en las alboradas 
vírgenes, ni en las tardes inmoladas? 
¿Al margen de ningún sendero pálido, 
que ciñe el campo, al margen de ninguna 
fontana trémula, blanca de luna? 
¿Bajo las trenzaduras de la selva, 
donde llamándolo me ha anochecido, 
ni en la gruta que vuelve mi alarido? 
¡Oh, no! ¡Volverlo a ver, no importa dónde, 
en remansos de cielo o en vórtice hervidor, 
bajo unas lunas plácidas o en un cárdeno horror! 
¡Y ser con él todas las primaveras 
y los inviernos, en un angustiado 
nudo, en torno a su cuello ensangrentado!";"gabriela_mistral";"volverlo_a_ver"
"103";"
Yo canto lo que tú amabas, vida mía,
por si te acercas y escuchas, vida mía,
por si te acuerdas del mundo que viviste,
al atardecer yo canto, sombra mía.
Yo no quiero enmudecer, vida mía.
¿Cómo sin mi grito fiel me hallarías?
¿Cuál señal, cuál me declara, vida mía?
Soy la misma que fue tuya, vida mía.
Ni lenta ni trascordada ni perdida.
Acude al anochecer, vida mía;
ven recordando un canto, vida mía,
si la canción reconoces de aprendida
y si mi nombre recuerdas todavía.
Te espero sin plazo ni tiempo.
No temas noche, neblina ni aguacero.
Acude con sendero o sin sendero.
Llámame a donde tú eres, alma mía,
y marcha recto hacia mí, compañero.";"gabriela_mistral";"yo_canto_lo_que_tú_amabas"
"104";"
Es la noche desamparo 
de las sierras hasta el mar. 
Pero yo, la que te mece, 
¡yo no tengo soledad! 
Es el cielo desamparo 
si la Luna cae al mar. 
Pero yo, la que te estrecha, 
¡yo no tengo soledad! 
Es el mundo desamparo 
y la carne triste va. 
Pero yo, la que te oprime, 
¡yo no tengo soledad!";"gabriela_mistral";"yo_no_tengo_soledad"
